{"cameraMode":{"drawMode":0,"name":"Shaded","section":"Shading Mode"},"sceneLighting":true,"audioPlay":false,"sceneViewState":{"showFog":true,"showMaterialUpdate":false,"showSkybox":true,"showFlares":true,"showImageEffects":true,"showParticleSystems":true},"in2DMode":false,"pivot":{"x":482.0001220703125,"y":260.5,"z":92.65415954589844},"rotation":{"x":0.000005086342298454838,"y":-0.9999762177467346,"z":0.006892717443406582,"w":-0.0003172227879986167},"size":689.23828125,"orthographic":false}